dt,x,y,position,velocity,acceleration,jerk,heading
0.010000,0.000214,-13.86616,-0.001,-0.2,-20.0,-2000.0,-1.5e-05
0.010000,-0.003521,-13.86616,-0.004735,-0.37349,-17.34896,265.104005,-6.283143
0.010000,-0.013125,-13.866159,-0.014339,-0.960453,-58.696303,-4134.734276,-6.283027
0.010000,-0.027533,-13.866156,-0.028747,-1.440751,-48.029885,1066.641804,-6.282854
0.010000,-0.046744,-13.866147,-0.047958,-1.921139,-48.038704,-0.881892,-6.282622
0.010000,-0.070761,-13.86613,-0.071975,-2.401642,-48.050319,-1.161569,-6.282332
0.010000,-0.099584,-13.866101,-0.100798,-2.88229,-48.064789,-1.446999,-6.281984
0.010000,-0.133215,-13.866053,-0.134429,-3.363114,-48.082452,-1.766255,-6.281578
0.010000,-0.171656,-13.865983,-0.17287,-3.844142,-48.102776,-2.032467,-6.281114
0.010000,-0.21491,-13.865882,-0.216124,-4.325404,-48.126251,-2.347406,-6.280591
0.010000,-0.262979,-13.865743,-0.264194,-4.806929,-48.152491,-2.624043,-6.280009
0.010000,-0.315866,-13.865558,-0.317081,-5.288749,-48.182014,-2.952291,-6.279368
0.010000,-0.373575,-13.865318,-0.37479,-5.770891,-48.214129,-3.2115,-6.278668
0.010000,-0.436108,-13.865011,-0.437324,-6.253385,-48.249469,-3.53405,-6.277908
0.010000,-0.503469,-13.864628,-0.504686,-6.736265,-48.28797,-3.850043,-6.277088
0.010000,-0.575663,-13.864156,-0.576882,-7.219557,-48.329188,-4.121818,-6.276209
0.010000,-0.652694,-13.863583,-0.653915,-7.703293,-48.373615,-4.442678,-6.275269
0.010000,-0.734566,-13.862894,-0.73579,-8.187504,-48.421119,-4.750451,-6.274268
0.010000,-0.821285,-13.862074,-0.822512,-8.672221,-48.471716,-5.059658,-6.273207
0.010000,-0.912854,-13.861109,-0.914087,-9.157476,-48.525427,-5.371135,-6.272083
0.010000,-1.009281,-13.859982,-1.01052,-9.643299,-48.582342,-5.691483,-6.270898
0.010000,-1.110569,-13.858674,-1.111817,-10.129722,-48.6423,-5.99576,-6.269651
0.010000,-1.216727,-13.857167,-1.217985,-10.616777,-48.705494,-6.319393,-6.268341
0.010000,-1.327758,-13.855443,-1.32903,-11.104496,-48.771911,-6.641756,-6.266967
0.010000,-1.443671,-13.85348,-1.444959,-11.592912,-48.841568,-6.965667,-6.26553
0.010000,-1.564471,-13.851256,-1.56578,-12.082057,-48.91449,-7.292188,-6.264028
0.010000,-1.690165,-13.848749,-1.691499,-12.571964,-48.99072,-7.623044,-6.262462
0.010000,-1.820762,-13.845936,-1.822126,-13.062668,-49.070393,-7.967266,-6.26083
0.010000,-1.956267,-13.842791,-1.957668,-13.554199,-49.153143,-8.275011,-6.259132
0.010000,-2.09669,-13.839289,-2.098134,-14.046593,-49.239392,-8.624908,-6.257368
0.010000,-2.242036,-13.835403,-2.243533,-14.539887,-49.32933,-8.993834,-6.255536
0.010000,-2.392316,-13.831104,-2.393874,-15.034108,-49.422152,-9.282125,-6.253637
0.010000,-2.547537,-13.826363,-2.549167,-15.529299,-49.519058,-9.69064,-6.251668
0.010000,-2.707707,-13.82115,-2.709422,-16.025488,-49.618926,-9.986814,-6.249631
0.010000,-2.872835,-13.815433,-2.874649,-16.522714,-49.722598,-10.367197,-6.247523
0.010000,-3.04293,-13.809179,-3.044859,-17.021012,-49.829798,-10.719977,-6.245344
0.010000,-3.218001,-13.802354,-3.220063,-17.520417,-49.940542,-11.074454,-6.243094
0.010000,-3.398058,-13.794922,-3.400273,-18.020966,-50.054846,-11.43039,-6.240771
0.010000,-3.583108,-13.786846,-3.5855,-18.522693,-50.172721,-11.78751,-6.238375
0.010000,-3.773163,-13.778089,-3.775756,-19.025638,-50.294486,-12.176431,-6.235904
0.010000,-3.968231,-13.76861,-3.971054,-19.529833,-50.419546,-12.50607,-6.233358
0.010000,-4.168323,-13.758369,-4.171408,-20.035319,-50.548543,-12.899696,-6.230737
0.010000,-4.373447,-13.747323,-4.376829,-20.54213,-50.681152,-13.260893,-6.228038
0.010000,-4.583613,-13.735429,-4.587332,-21.050304,-50.817366,-13.621365,-6.225261
0.010000,-4.798833,-13.72264,-4.802931,-21.559878,-50.957422,-14.005601,-6.222405
0.010000,-5.019114,-13.708911,-5.02364,-22.070888,-51.101029,-14.360671,-6.219469
0.010000,-5.244468,-13.694192,-5.249473,-22.583373,-51.248449,-14.742076,-6.216453
0.010000,-5.474903,-13.678433,-5.480447,-23.097367,-51.399417,-15.096775,-6.213353
0.010000,-5.71043,-13.661582,-5.716576,-23.61291,-51.554269,-15.485162,-6.210171
0.010000,-5.951059,-13.643587,-5.957876,-24.130035,-51.712499,-15.823038,-6.206904
0.010000,-6.196798,-13.624391,-6.204364,-24.648779,-51.874465,-16.196569,-6.203551
0.010000,-6.447657,-13.603938,-6.456056,-25.169181,-52.040154,-16.568874,-6.200112
0.010000,-6.703646,-13.582168,-6.712969,-25.691272,-52.209081,-16.892771,-6.196584
0.010000,-6.964773,-13.559022,-6.97512,-26.215089,-52.381744,-17.266304,-6.192967
0.010000,-7.231047,-13.534437,-7.242526,-26.740665,-52.557599,-17.585418,-6.18926
0.010000,-7.502476,-13.508348,-7.515207,-27.268035,-52.736974,-17.937499,-6.185461
0.010000,-7.779069,-13.480689,-7.793179,-27.797229,-52.919431,-18.245777,-6.181569
0.010000,-8.060833,-13.451391,-8.076462,-28.328281,-53.105165,-18.573339,-6.177582
0.010000,-8.347775,-13.420383,-8.365074,-28.861219,-53.293763,-18.85987,-6.173499
0.010000,-8.639901,-13.387594,-8.659035,-29.396073,-53.485457,-19.169408,-6.169319
0.010000,-8.937218,-13.352949,-8.958363,-29.932869,-53.679622,-19.416459,-6.16504
0.010000,-9.239731,-13.31637,-9.26308,-30.471636,-53.876644,-19.702229,-6.160661
0.010000,-9.547444,-13.277779,-9.573204,-31.012394,-54.075772,-19.912768,-6.156181
0.010000,-9.860362,-13.237093,-9.888755,-31.555167,-54.277303,-20.153077,-6.151598
0.010000,-10.178487,-13.194231,-10.209755,-32.099972,-54.480561,-20.32578,-6.14691
0.010000,-10.501822,-13.149104,-10.536223,-32.646829,-54.68567,-20.510912,-6.142117
0.010000,-10.830366,-13.101626,-10.868181,-33.195749,-54.892064,-20.639475,-6.137216
0.010000,-11.164121,-13.051705,-11.205648,-33.746747,-55.099723,-20.765835,-6.132206
0.010000,-11.503084,-12.999249,-11.548647,-34.299826,-55.307954,-20.823141,-6.127085
0.010000,-11.847253,-12.944161,-11.897196,-34.854993,-55.516663,-20.870838,-6.121853
0.010000,-12.196624,-12.886344,-12.251319,-35.412247,-55.725373,-20.871019,-6.116508
0.010000,-12.551191,-12.825698,-12.611035,-35.971583,-55.93363,-20.825728,-6.111047
0.010000,-12.910946,-12.762118,-12.976365,-36.532993,-56.141026,-20.739623,-6.10547
0.010000,-13.27588,-12.6955,-13.347329,-37.096462,-56.346928,-20.590144,-6.099775
0.010000,-13.645982,-12.625736,-13.723949,-37.661973,-56.551037,-20.41092,-6.093961
0.010000,-14.021238,-12.552715,-14.106244,-38.229497,-56.752409,-20.137213,-6.088026
0.010000,-14.401633,-12.476323,-14.494234,-38.799005,-56.950768,-19.835939,-6.081969
0.010000,-14.78715,-12.396446,-14.887939,-39.370457,-57.145235,-19.446601,-6.075788
0.010000,-15.177767,-12.312966,-15.287377,-39.943808,-57.335071,-18.983612,-6.069482
0.010000,-15.573462,-12.225761,-15.692567,-40.519005,-57.519771,-18.470036,-6.06305
0.010000,-15.974208,-12.134709,-16.103527,-41.095987,-57.698173,-17.840219,-6.05649
0.010000,-16.379977,-12.039686,-16.520273,-41.674684,-57.86972,-17.154709,-6.049801
0.010000,-16.790736,-11.940562,-16.942824,-42.255017,-58.033243,-16.352253,-6.042983
0.010000,-17.20645,-11.83721,-17.371193,-42.836898,-58.188081,-15.483804,-6.036033
0.010000,-17.62708,-11.729496,-17.805395,-43.420226,-58.332856,-14.477557,-6.02895
0.010000,-18.052582,-11.617287,-18.245444,-44.004895,-58.466908,-13.405158,-6.021735
0.010000,-18.48291,-11.500447,-18.691352,-44.590783,-58.588815,-12.190667,-6.014385
0.010000,-18.918013,-11.378838,-19.143129,-45.177759,-58.697555,-10.874003,-6.006901
0.010000,-19.357835,-11.252322,-19.600786,-45.765679,-58.791979,-9.442452,-5.999281
0.010000,-19.802316,-11.120758,-20.06433,-46.354386,-58.870773,-7.879331,-5.991525
0.010000,-20.251392,-10.984003,-20.533767,-46.943713,-58.932645,-6.187242,-5.983633
0.010000,-20.704994,-10.841914,-21.009102,-47.533476,-58.976271,-4.362633,-5.975604
0.010000,-21.163045,-10.694348,-21.490337,-48.123481,-59.000508,-2.423712,-5.967437
0.010000,-21.625467,-10.541159,-21.977472,-48.713517,-59.003592,-0.308328,-5.959134
0.010000,-22.092173,-10.382203,-22.470505,-49.303361,-58.984489,1.910298,-5.950693
0.010000,-22.563074,-10.217334,-22.969433,-49.892777,-58.941592,4.289704,-5.942116
0.010000,-23.038071,-10.046406,-23.474248,-50.481514,-58.873657,6.793415,-5.933403
0.010000,-23.517061,-9.869276,-23.984941,-51.069304,-58.779012,9.464582,-5.924555
0.010000,-23.999937,-9.685798,-24.5015,-51.655869,-58.656527,12.248481,-5.915572
0.010000,-24.486582,-9.495831,-25.023909,-52.240916,-58.504682,15.184493,-5.906455
0.010000,-24.975652,-9.29973,-25.550829,-52.692013,-45.109665,1339.501727,-5.89723
0.010000,-25.464588,-9.09841,-26.07959,-52.876083,-18.406995,2670.267006,-5.887944
0.010000,-25.952074,-8.892361,-26.608833,-52.924288,-4.820552,1358.644263,-5.878623
0.010000,-26.43802,-8.681595,-27.138518,-52.96851,-4.422169,39.838317,-5.86927
0.010000,-26.922337,-8.466122,-27.668605,-53.008647,-4.013749,40.841948,-5.859888
0.010000,-27.404936,-8.24596,-28.199051,-53.044605,-3.595732,41.80176,-5.850481
0.010000,-27.885726,-8.021127,-28.729814,-53.076293,-3.168801,42.693117,-5.84105
0.010000,-28.36462,-7.791648,-29.26085,-53.10363,-2.733707,43.509357,-5.8316
0.010000,-28.841527,-7.557548,-29.792115,-53.126543,-2.291332,44.237525,-5.822133
0.010000,-29.316359,-7.318858,-30.323565,-53.144967,-1.842363,44.896883,-5.812653
0.010000,-29.789029,-7.075612,-30.855153,-53.158843,-1.387628,45.473526,-5.803163
0.010000,-30.259452,-6.827846,-31.386835,-53.168124,-0.928089,45.953828,-5.793666
0.010000,-30.72754,-6.5756,-31.918562,-53.17277,-0.464579,46.35099,-5.784166
0.010000,-31.19321,-6.31892,-32.45029,-53.172751,0.001917,46.649684,-5.774666
0.010000,-31.656381,-6.05785,-32.98197,-53.168045,0.470584,46.866622,-5.76517
0.010000,-32.116971,-5.792443,-33.513557,-53.158641,0.940382,46.979848,-5.75568
0.010000,-32.574901,-5.52275,-34.045002,-53.144537,1.41035,46.996814,-5.7462
0.010000,-33.030095,-5.248829,-34.576259,-53.125741,1.879604,46.925385,-5.736734
0.010000,-33.482478,-4.970737,-35.107282,-53.102269,2.347211,46.760687,-5.727285
0.010000,-33.931977,-4.688537,-35.638024,-53.074148,2.812144,46.493286,-5.717856
0.010000,-34.378524,-4.402294,-36.168438,-53.041413,3.2735,46.135649,-5.70845
0.010000,-34.82205,-4.112073,-36.698479,-53.004109,3.73042,45.691967,-5.699072
0.010000,-35.262491,-3.817944,-37.228102,-52.962288,4.182026,45.160592,-5.689724
0.010000,-35.699787,-3.519979,-37.757262,-52.916015,4.627355,44.532947,-5.680409
0.010000,-36.133877,-3.21825,-38.285915,-52.865358,5.065699,43.8344,-5.67113
0.010000,-36.564707,-2.912833,-38.814019,-52.810396,5.496209,43.051008,-5.661892
0.010000,-36.992223,-2.603805,-39.341532,-52.751214,5.918126,42.191698,-5.652695
0.010000,-37.416377,-2.291243,-39.868411,-52.687907,6.330759,41.263301,-5.643545
0.010000,-37.837123,-1.975228,-40.394616,-52.620573,6.733419,40.265956,-5.634443
0.010000,-38.254417,-1.65584,-40.92011,-52.549318,7.12551,39.209059,-5.625393
0.010000,-38.668221,-1.333161,-41.444852,-52.474253,7.506425,38.091518,-5.616396
0.010000,-39.078497,-1.007275,-41.968807,-52.395497,7.875667,36.924228,-5.607457
0.010000,-39.485213,-0.678263,-42.491939,-52.313169,8.232758,35.709092,-5.598577
0.010000,-39.88834,-0.34621,-43.014213,-52.227396,8.577267,34.450882,-5.589759
0.010000,-40.287851,-0.011201,-43.535596,-52.138308,8.908834,33.15676,-5.581005
0.010000,-40.683723,0.326681,-44.056056,-52.046037,9.227146,31.831159,-5.572317
0.010000,-41.075938,0.66735,-44.575563,-51.950717,9.53194,30.479371,-5.563698
0.010000,-41.464477,1.010723,-45.094088,-51.852487,9.822998,29.105818,-5.55515
0.010000,-41.849329,1.356715,-45.611603,-51.751486,10.100165,27.716728,-5.546675
0.010000,-42.230483,1.705243,-46.128082,-51.647852,10.363331,26.316568,-5.538275
0.010000,-42.607933,2.056223,-46.643499,-51.541728,10.61243,24.909968,-5.529951
0.010000,-42.981673,2.409573,-47.157831,-51.433253,10.847446,23.501575,-5.521706
0.010000,-43.351703,2.765211,-47.671057,-51.322569,11.068406,22.095964,-5.51354
0.010000,-43.718025,3.123056,-48.183155,-51.209816,11.275378,20.697229,-5.505456
0.010000,-44.080642,3.483027,-48.694107,-51.095131,11.468476,19.309761,-5.497454
0.010000,-44.439564,3.845047,-49.203893,-50.978652,11.647839,17.936339,-5.489536
0.010000,-44.794797,4.209036,-49.712498,-50.860516,11.813646,16.580728,-5.481704
0.010000,-45.146356,4.574918,-50.219907,-50.740855,11.96613,15.248388,-5.473958
0.010000,-45.494254,4.942618,-50.726105,-50.6198,12.105504,13.937345,-5.466299
0.010000,-45.838508,5.312062,-51.23108,-50.497479,12.232059,12.655483,-5.458728
0.010000,-46.179137,5.683176,-51.73482,-50.374018,12.346084,11.402512,-5.451246
0.010000,-46.516162,6.05589,-52.237315,-50.249539,12.44789,10.180631,-5.443855
0.010000,-46.849606,6.430134,-52.738557,-50.124161,12.537814,8.992439,-5.436553
0.010000,-47.179493,6.80584,-53.238537,-49.997999,12.616224,7.840983,-5.429343
0.010000,-47.50585,7.18294,-53.737248,-49.871164,12.683449,6.722454,-5.422224
0.010000,-47.828704,7.56137,-54.234686,-49.743765,12.7399,5.645116,-5.415197
0.010000,-48.148086,7.941066,-54.730845,-49.615906,12.78595,4.604962,-5.408262
0.010000,-48.464025,8.321967,-55.225722,-49.487686,12.822008,3.605827,-5.401419
0.010000,-48.776556,8.704011,-55.719314,-49.359202,12.84844,2.643255,-5.39467
0.010000,-49.08571,9.08714,-56.211619,-49.230545,12.865702,1.726116,-5.388013
0.010000,-49.391524,9.471298,-56.702637,-49.101803,12.874158,0.845625,-5.381449
0.010000,-49.694032,9.856428,-57.192368,-48.973061,12.874212,0.005392,-5.374977
0.010000,-49.99327,10.242476,-57.680812,-48.844398,12.866322,-0.789013,-5.368599
0.010000,-50.289278,10.629392,-58.167971,-48.715889,12.850816,-1.550563,-5.362313
0.010000,-50.582092,11.017122,-58.653847,-48.587608,12.828155,-2.266067,-5.35612
0.010000,-50.871753,11.40562,-59.138443,-48.459621,12.798694,-2.946173,-5.350019
0.010000,-51.158299,11.794836,-59.621763,-48.331993,12.762843,-3.585086,-5.34401
0.010000,-51.441772,12.184725,-60.103811,-48.204783,12.720963,-4.187933,-5.338093
0.010000,-51.72221,12.575243,-60.584591,-48.078048,12.673441,-4.752225,-5.332267
0.010000,-51.999657,12.966346,-61.06411,-47.951842,12.62063,-5.281131,-5.326532
0.010000,-52.274153,13.357992,-61.542372,-47.826213,12.562885,-5.774455,-5.320888
0.010000,-52.54574,13.750141,-62.019384,-47.701208,12.500581,-6.230441,-5.315334
0.010000,-52.814461,14.142754,-62.495153,-47.576868,12.433987,-6.659413,-5.30987
0.010000,-53.080356,14.535794,-62.969685,-47.453233,12.363498,-7.048895,-5.304495
0.010000,-53.34347,14.929224,-63.442988,-47.330339,12.289367,-7.413096,-5.299208
0.010000,-53.603844,15.32301,-63.915071,-47.208219,12.211973,-7.739403,-5.29401
0.010000,-53.861521,15.717117,-64.38594,-47.086904,12.131501,-8.047222,-5.288899
0.010000,-54.116543,16.111513,-64.855604,-46.966421,12.048343,-8.315708,-5.283875
0.010000,-54.368953,16.506166,-65.324072,-46.846794,11.962663,-8.568056,-5.278937
0.010000,-54.618793,16.901047,-65.791352,-46.728046,11.87481,-8.785269,-5.274085
0.010000,-54.866106,17.296126,-66.257454,-46.610196,11.784967,-8.98435,-5.269317
0.010000,-55.110933,17.691375,-66.722387,-46.493262,11.693432,-9.153499,-5.264635
0.010000,-55.353317,18.086767,-67.186159,-46.377259,11.600346,-9.308604,-5.260035
0.010000,-55.5933,18.482276,-67.648781,-46.262199,11.506015,-9.433062,-5.255519
0.010000,-55.830923,18.877877,-68.110262,-46.148093,11.410551,-9.546415,-5.251085
0.010000,-56.066228,19.273545,-68.570612,-46.034951,11.314236,-9.631499,-5.246733
0.010000,-56.299255,19.669258,-69.02984,-45.922779,11.217187,-9.704917,-5.242462
0.010000,-56.530045,20.064993,-69.487956,-45.811582,11.11965,-9.753722,-5.23827
0.010000,-56.758639,20.460728,-69.944969,-45.701365,11.021687,-9.796214,-5.234159
0.010000,-56.985078,20.856442,-70.40089,-45.59213,10.923566,-9.812099,-5.230126
0.010000,-57.2094,21.252116,-70.855729,-45.483876,10.825337,-9.822948,-5.226171
0.010000,-57.431645,21.64773,-71.309495,-45.376604,10.727228,-9.810908,-5.222293
0.010000,-57.651853,22.043266,-71.762198,-45.270311,10.629298,-9.792971,-5.218492
0.010000,-57.870063,22.438705,-72.213848,-45.164994,10.531703,-9.759497,-5.214767
0.010000,-58.086312,22.834031,-72.664455,-45.060648,10.434562,-9.714109,-5.211118
0.010000,-58.300638,23.229227,-73.114028,-44.957269,10.337969,-9.659266,-5.207543
0.010000,-58.51308,23.624277,-73.562576,-44.854848,10.242037,-9.593229,-5.204041
0.010000,-58.723675,24.019165,-74.01011,-44.75338,10.146851,-9.518642,-5.200613
0.010000,-58.932459,24.413876,-74.456638,-44.652855,10.052512,-9.433898,-5.197258
0.010000,-59.139468,24.808396,-74.902171,-44.553264,9.959074,-9.343813,-5.193974
0.010000,-59.34474,25.202712,-75.346717,-44.454597,9.866679,-9.239504,-5.190761
0.010000,-59.548309,25.596809,-75.790285,-44.356844,9.775302,-9.137651,-5.187619
0.010000,-59.750211,25.990675,-76.232885,-44.259993,9.685104,-9.019828,-5.184547
0.010000,-59.95048,26.384297,-76.674526,-44.164033,9.596064,-8.903966,-5.181544
0.010000,-60.149152,26.777663,-77.115215,-44.068949,9.508324,-8.774002,-5.17861
0.010000,-60.346259,27.170762,-77.554962,-43.974731,9.421856,-8.646777,-5.175743
0.010000,-60.541835,27.563581,-77.993776,-43.881363,9.336766,-8.509033,-5.172944
0.010000,-60.735915,27.956111,-78.431664,-43.788833,9.253051,-8.371462,-5.170212
0.010000,-60.92853,28.348339,-78.868636,-43.697125,9.170801,-8.225004,-5.167545
0.010000,-61.119712,28.740257,-79.304698,-43.606224,9.090021,-8.078071,-5.164945
0.010000,-61.309495,29.131854,-79.739859,-43.516117,9.010738,-7.92827,-5.162409
0.010000,-61.497909,29.523119,-80.174127,-43.426787,8.933036,-7.77019,-5.159937
0.010000,-61.684986,29.914044,-80.607509,-43.338218,8.856858,-7.617843,-5.15753
0.010000,-61.870756,30.30462,-81.040013,-43.250395,8.782299,-7.455863,-5.155186
0.010000,-62.05525,30.694836,-81.471646,-43.163301,8.709367,-7.29322,-5.152905
0.010000,-62.238498,31.084685,-81.902415,-43.076921,8.638051,-7.13162,-5.150685
0.010000,-62.42053,31.474158,-82.332328,-42.991237,8.568419,-6.963111,-5.148528
0.010000,-62.601375,31.863246,-82.76139,-42.906232,8.500436,-6.798393,-5.146432
0.010000,-62.781062,32.251941,-83.189609,-42.821891,8.434158,-6.627704,-5.144397
0.010000,-62.95962,32.640236,-83.616991,-42.738195,8.369577,-6.458141,-5.142422
0.010000,-63.137077,33.028121,-84.043542,-42.655128,8.3067,-6.287737,-5.140508
0.010000,-63.31346,33.41559,-84.469269,-42.572672,8.245553,-6.114668,-5.138652
0.010000,-63.488798,33.802634,-84.894177,-42.490811,8.186137,-5.941553,-5.136856
0.010000,-63.663118,34.189247,-85.318272,-42.409527,8.128453,-5.768492,-5.135118
0.010000,-63.836446,34.575421,-85.74156,-42.328801,8.072505,-5.594718,-5.133439
0.010000,-64.00881,34.961148,-86.164046,-42.248618,8.018328,-5.417731,-5.131817
0.010000,-64.180235,35.346421,-86.585736,-42.16896,7.965871,-5.245738,-5.130253
0.010000,-64.350747,35.731234,-87.006634,-42.089808,7.915189,-5.06821,-5.128746
0.010000,-64.520373,36.115578,-87.426746,-42.011145,7.866258,-4.893041,-5.127295
0.010000,-64.689137,36.499448,-87.846075,-41.932954,7.819082,-4.717624,-5.125901
0.010000,-64.857065,36.882835,-88.264627,-41.855218,7.773662,-4.542031,-5.124563
0.010000,-65.024182,37.265734,-88.682406,-41.777917,7.730014,-4.364763,-5.123281
0.010000,-65.190511,37.648138,-89.099417,-41.701036,7.688102,-4.191154,-5.122054
0.010000,-65.356077,38.030038,-89.515662,-41.624557,7.647974,-4.012809,-5.120883
0.010000,-65.520904,38.41143,-89.931147,-41.548461,7.609582,-3.839236,-5.119766
0.010000,-65.685017,38.792305,-90.345874,-41.472731,7.572953,-3.662852,-5.118704
0.010000,-65.848437,39.172657,-90.759848,-41.397351,7.538079,-3.487494,-5.117696
0.010000,-66.011188,39.55248,-91.173071,-41.322301,7.504956,-3.312221,-5.116743
0.010000,-66.173294,39.931766,-91.585546,-41.247565,7.473588,-3.136839,-5.115843
0.010000,-66.334777,40.310508,-91.997278,-41.173126,7.443956,-2.96324,-5.114997
0.010000,-66.495659,40.688701,-92.408267,-41.098965,7.416083,-2.787303,-5.114204
0.010000,-66.655963,41.066336,-92.818518,-41.025065,7.389944,-2.613888,-5.113465
0.010000,-66.81571,41.443407,-93.228032,-40.95141,7.365556,-2.438777,-5.112779
0.010000,-66.974922,41.819907,-93.636812,-40.877981,7.342897,-2.265937,-5.112146
0.010000,-67.133621,42.195829,-94.04486,-40.804761,7.321981,-2.091535,-5.111565
0.010000,-67.291828,42.571166,-94.452177,-40.731733,7.3028,-1.918085,-5.111038
0.010000,-67.449565,42.945911,-94.858766,-40.658879,7.285353,-1.74474,-5.110563
0.010000,-67.606851,43.320057,-95.264627,-40.586183,7.269634,-1.571932,-5.11014
0.010000,-67.763708,43.693596,-95.669764,-40.513627,7.255646,-1.398781,-5.109769
0.010000,-67.920156,44.066521,-96.074176,-40.441193,7.243386,-1.226008,-5.109451
0.010000,-68.076216,44.438824,-96.477864,-40.368864,7.232852,-1.053337,-5.109185
0.010000,-68.231907,44.810499,-96.880831,-40.296624,7.224044,-0.880868,-5.108971
0.010000,-68.38725,45.181537,-97.283075,-40.224454,7.216959,-0.708503,-5.108809
0.010000,-68.542263,45.551931,-97.684598,-40.152338,7.211597,-0.536138,-5.1087
0.010000,-68.696968,45.921673,-98.085401,-40.080259,7.207958,-0.36388,-5.108642
0.010000,-68.851383,46.290755,-98.485483,-40.008198,7.206042,-0.19167,-5.108636
0.010000,-69.005526,46.65917,-98.884844,-39.93614,7.205847,-0.019487,-5.108682
0.010000,-69.159419,47.026908,-99.283485,-39.864066,7.207374,0.152666,-5.10878
0.010000,-69.313078,47.393963,-99.681405,-39.79196,7.210622,0.324848,-5.10893
0.010000,-69.466523,47.760324,-100.078603,-39.719804,7.215594,0.49715,-5.109132
0.010000,-69.619773,48.125985,-100.475079,-39.647581,7.222288,0.669427,-5.109386
0.010000,-69.772845,48.490936,-100.870831,-39.575274,7.230706,0.841808,-5.109692
0.010000,-69.925758,48.855168,-101.26586,-39.502865,7.240849,1.014293,-5.110051
0.010000,-70.078531,49.218673,-101.660163,-39.430338,7.252718,1.186904,-5.110462
0.010000,-70.23118,49.581441,-102.05374,-39.357675,7.266314,1.35966,-5.110925
0.010000,-70.383725,49.943463,-102.446589,-39.284859,7.28164,1.532583,-5.111441
0.010000,-70.536181,50.304731,-102.838707,-39.211872,7.298697,1.705688,-5.112009
0.010000,-70.688568,50.665233,-103.230094,-39.138697,7.317485,1.878742,-5.11263
0.010000,-70.840902,51.024961,-103.620748,-39.065317,7.338008,2.052327,-5.113304
0.010000,-70.9932,51.383905,-104.010665,-38.991714,7.360272,2.226442,-5.114031
0.010000,-71.14548,51.742054,-104.399843,-38.917871,7.384267,2.399477,-5.114812
0.010000,-71.297759,52.099398,-104.788281,-38.843771,7.410011,2.574423,-5.115646
0.010000,-71.450053,52.455928,-105.175975,-38.769396,7.43749,2.747888,-5.116533
0.010000,-71.602379,52.811631,-105.562922,-38.694729,7.466725,2.92345,-5.117475
0.010000,-71.754753,53.166498,-105.94912,-38.619752,7.4977,3.097488,-5.11847
0.010000,-71.907192,53.520518,-106.334564,-38.544448,7.530425,3.27251,-5.11952
0.010000,-72.059713,53.873678,-106.719252,-38.468799,7.564902,3.447771,-5.120624
0.010000,-72.212331,54.225968,-107.10318,-38.392788,7.601135,3.623263,-5.121783
0.010000,-72.365063,54.577377,-107.486344,-38.316396,7.639125,3.798969,-5.122997
0.010000,-72.517923,54.927891,-107.86874,-38.239608,7.678868,3.974325,-5.124267
0.010000,-72.670929,55.277499,-108.250364,-38.162404,7.720365,4.149678,-5.125592
0.010000,-72.824096,55.62619,-108.631212,-38.084768,7.763627,4.326279,-5.126973
0.010000,-72.977438,55.97395,-109.011279,-38.006681,7.808647,4.501972,-5.128411
0.010000,-73.130973,56.320766,-109.39056,-37.928127,7.855422,4.677487,-5.129905
0.010000,-73.284714,56.666625,-109.769051,-37.849087,7.903958,4.853558,-5.131456
0.010000,-73.438677,57.011516,-110.146746,-37.769545,7.954253,5.029582,-5.133065
0.010000,-73.592877,57.355423,-110.523641,-37.689482,8.006284,5.203063,-5.134731
0.010000,-73.747329,57.698333,-110.89973,-37.608881,8.060099,5.381494,-5.136455
0.010000,-73.902048,58.040232,-111.275007,-37.527725,8.115638,5.553884,-5.138238
0.010000,-74.057047,58.381107,-111.649467,-37.445995,8.172924,5.728654,-5.14008
0.010000,-74.212342,58.720942,-112.023104,-37.363676,8.231954,5.902977,-5.141982
0.010000,-74.367947,59.059723,-112.395911,-37.280749,8.292722,6.076742,-5.143943
0.010000,-74.523876,59.397435,-112.767883,-37.197197,8.355187,6.246533,-5.145964
0.010000,-74.680143,59.734062,-113.139013,-37.113003,8.419399,6.421161,-5.148046
0.010000,-74.836762,60.06959,-113.509295,-37.02815,8.485295,6.589668,-5.150189
0.010000,-74.993746,60.404002,-113.878721,-36.942621,8.552891,6.759533,-5.152394
0.010000,-75.15111,60.737283,-114.247285,-36.8564,8.622148,6.92575,-5.154661
0.010000,-75.308866,61.069416,-114.61498,-36.769469,8.693094,7.094582,-5.156991
0.010000,-75.467029,61.400385,-114.981798,-36.681812,8.765659,7.256473,-5.159384
0.010000,-75.62561,61.730172,-115.347732,-36.593413,8.839856,7.419738,-5.161841
0.010000,-75.784623,62.058762,-115.712775,-36.504257,8.915665,7.580915,-5.164362
0.010000,-75.944081,62.386135,-116.076918,-36.414327,8.993029,7.736357,-5.166948
0.010000,-76.103996,62.712276,-116.440154,-36.323607,9.071964,7.893521,-5.169599
0.010000,-76.26438,63.037165,-116.802475,-36.232083,9.152407,8.044276,-5.172316
0.010000,-76.425247,63.360785,-117.163872,-36.139739,9.234335,8.192838,-5.1751
0.010000,-76.586608,63.683118,-117.524338,-36.046562,9.317717,8.338192,-5.177951
0.010000,-76.748475,64.004143,-117.883863,-35.952537,9.402501,8.478423,-5.18087
0.010000,-76.910859,64.323844,-118.24244,-35.857651,9.488655,8.615404,-5.183858
0.010000,-77.073773,64.6422,-118.600059,-35.761889,9.576138,8.748255,-5.186914
0.010000,-77.237227,64.959192,-118.956711,-35.665241,9.664873,8.873484,-5.19004
0.010000,-77.401232,65.274799,-119.312388,-35.567692,9.754832,8.995901,-5.193237
0.010000,-77.5658,65.589003,-119.66708,-35.469233,9.845933,9.110117,-5.196504
0.010000,-77.73094,65.901783,-120.020779,-35.369852,9.938121,9.218782,-5.199843
0.010000,-77.896664,66.213118,-120.373474,-35.269538,10.031329,9.320786,-5.203255
0.010000,-78.062982,66.522988,-120.725157,-35.168284,10.125475,9.414659,-5.206739
0.010000,-78.229903,66.831371,-121.075818,-35.066079,10.220479,9.50036,-5.210298
0.010000,-78.397438,67.138247,-121.425447,-34.962916,10.316258,9.577974,-5.21393
0.010000,-78.565595,67.443594,-121.774035,-34.858789,10.412719,9.646012,-5.217638
0.010000,-78.734385,67.74739,-122.121572,-34.753692,10.509739,9.702013,-5.221422
0.010000,-78.903815,68.049613,-122.468048,-34.647619,10.607259,9.752034,-5.225282
0.010000,-79.073896,68.350242,-122.813454,-34.540568,10.705111,9.785247,-5.229219
0.010000,-79.244634,68.649254,-123.157779,-34.432536,10.803221,9.810984,-5.233234
0.010000,-79.416039,68.946627,-123.501014,-34.323522,10.901413,9.819167,-5.237328
0.010000,-79.588119,69.242339,-123.843149,-34.213526,10.999603,9.819038,-5.241501
0.010000,-79.760881,69.536366,-124.184175,-34.10255,11.097596,9.799241,-5.245754
0.010000,-79.934332,69.828685,-124.524081,-33.990597,11.195275,9.767965,-5.250088
0.010000,-80.10848,70.119275,-124.862858,-33.877673,11.292437,9.7162,-5.254503
0.010000,-80.283331,70.408111,-125.200496,-33.763783,11.388956,9.651886,-5.259
0.010000,-80.458892,70.695171,-125.536985,-33.648937,11.484629,9.567248,-5.263581
0.010000,-80.635169,70.980431,-125.872316,-33.533144,11.579244,9.461569,-5.268244
0.010000,-80.812169,71.263869,-126.20648,-33.416418,11.672633,9.33889,-5.272992
0.010000,-80.989896,71.54546,-126.539468,-33.298772,11.764551,9.191801,-5.277825
0.010000,-81.168356,71.825183,-126.87127,-33.180224,11.854814,9.026215,-5.282743
0.010000,-81.347555,72.103013,-127.201878,-33.060793,11.943155,8.834126,-5.287748
0.010000,-81.527496,72.378927,-127.531283,-32.940499,12.02933,8.617534,-5.292839
0.010000,-81.708185,72.652903,-127.859477,-32.819368,12.113117,8.378662,-5.298017
0.010000,-81.889626,72.924916,-128.186451,-32.697426,12.194205,8.108853,-5.303284
0.010000,-82.071822,73.194945,-128.512198,-32.574703,12.272366,7.81603,-5.308639
0.010000,-82.254778,73.462967,-128.836711,-32.45123,12.34725,7.488414,-5.314083
0.010000,-82.438496,73.728958,-129.159981,-32.327044,12.418611,7.136107,-5.319616
0.010000,-82.62298,73.992897,-129.482003,-32.202183,12.486124,6.751309,-5.32524
0.010000,-82.808232,74.254762,-129.80277,-32.076688,12.54944,6.331655,-5.330954
0.010000,-82.994255,74.51453,-130.122276,-31.950606,12.60826,5.88199,-5.336759
0.010000,-83.181052,74.77218,-130.440516,-31.823983,12.662235,5.397467,-5.342655
0.010000,-83.368624,75.027691,-130.757484,-31.696873,12.710994,4.875882,-5.348643
0.010000,-83.556973,75.281042,-131.073178,-31.569332,12.754192,4.319844,-5.354723
0.010000,-83.746102,75.532213,-131.387592,-31.441417,12.791471,3.727829,-5.360896
0.010000,-83.936011,75.781183,-131.700724,-31.313193,12.822408,3.093737,-5.36716
0.010000,-84.126702,76.027933,-132.012571,-31.184726,12.846676,2.42678,-5.373518
0.010000,-84.318176,76.272444,-132.323132,-31.056088,12.86383,1.715433,-5.379968
0.010000,-84.510434,76.514698,-132.632406,-30.927353,12.873518,0.968836,-5.386511
0.010000,-84.703477,76.754677,-132.940392,-30.7986,12.875293,0.177477,-5.393147
0.010000,-84.897307,76.992363,-133.247091,-30.669912,12.868794,-0.649965,-5.399875
0.010000,-85.091923,77.227739,-133.552504,-30.541376,12.853582,-1.521153,-5.406697
0.010000,-85.287326,77.460791,-133.856635,-30.413083,12.829278,-2.430408,-5.413611
0.010000,-85.483518,77.691502,-134.159486,-30.285129,12.795448,-3.382964,-5.420617
0.010000,-85.680499,77.919858,-134.461063,-30.157611,12.75171,-4.373857,-5.427715
0.010000,-85.878271,78.145846,-134.761369,-30.030635,12.697667,-5.40423,-5.434904
0.010000,-86.076833,78.369452,-135.060412,-29.904306,12.632926,-6.47414,-5.442185
0.010000,-86.276188,78.590664,-135.358199,-29.778735,12.557098,-7.582839,-5.449556
0.010000,-86.476336,78.809473,-135.65474,-29.654036,12.46983,-8.726778,-5.457018
0.010000,-86.677278,79.025866,-135.950043,-29.530329,12.370759,-9.907082,-5.464568
0.010000,-86.879018,79.239834,-136.24412,-29.407733,12.259545,-11.121417,-5.472207
0.010000,-87.081556,79.451371,-136.536984,-29.286375,12.135864,-12.368067,-5.479933
0.010000,-87.284895,79.660466,-136.828648,-29.16638,11.999434,-13.642984,-5.487746
0.010000,-87.489038,79.867115,-137.119127,-29.047881,11.849956,-14.947828,-5.495645
0.010000,-87.693987,80.071312,-137.408437,-28.931009,11.687201,-16.275546,-5.503628
0.010000,-87.899746,80.273051,-137.696596,-28.815899,11.510932,-17.626841,-5.511693
0.010000,-88.106319,80.47233,-137.983623,-28.70269,11.320975,-18.995757,-5.519841
0.010000,-88.31371,80.669146,-138.269538,-28.591518,11.117167,-20.380768,-5.528068
0.010000,-88.521924,80.863496,-138.554363,-28.482524,10.899392,-21.777451,-5.536374
0.010000,-88.730967,81.055381,-138.838122,-28.375848,10.667573,-23.1819,-5.544757
0.010000,-88.940845,81.244801,-139.120838,-28.271632,10.421673,-24.590054,-5.553215
0.010000,-89.151564,81.431757,-139.402538,-28.170015,10.161698,-25.997488,-5.561747
0.010000,-89.363132,81.61625,-139.683249,-28.071138,9.887701,-27.399664,-5.57035
0.010000,-89.575557,81.798285,-139.963001,-27.97514,9.599781,-28.792067,-5.579022
0.010000,-89.788847,81.977864,-140.241822,-27.882159,9.298086,-30.169442,-5.587761
0.010000,-90.003012,82.154994,-140.519746,-27.792331,8.982825,-31.526139,-5.596565
0.010000,-90.218062,82.329678,-140.796804,-27.705788,8.654228,-32.859645,-5.605431
0.010000,-90.434007,82.501924,-141.07303,-27.622662,8.312627,-34.16012,-5.614357
0.010000,-90.65086,82.671739,-141.348461,-27.543079,7.95835,-35.427715,-5.623341
0.010000,-90.868632,82.83913,-141.623133,-27.46716,7.591821,-36.652956,-5.632379
0.010000,-91.087337,83.004105,-141.897083,-27.395025,7.213502,-37.831805,-5.64147
0.010000,-91.306988,83.166675,-142.170351,-27.326786,6.823889,-38.961367,-5.650609
0.010000,-91.527599,83.326847,-142.442976,-27.262551,6.423569,-40.032017,-5.659795
0.010000,-91.749186,83.484633,-142.715,-27.20242,6.013125,-41.044392,-5.669024
0.010000,-91.971765,83.640042,-142.986465,-27.146487,5.593249,-41.987599,-5.678294
0.010000,-92.195351,83.793085,-143.257414,-27.094841,5.164602,-42.864708,-5.687601
0.010000,-92.419962,83.943773,-143.527889,-27.047561,4.727975,-43.66269,-5.696942
0.010000,-92.645615,84.092118,-143.797937,-27.00472,4.284108,-44.386696,-5.706314
0.010000,-92.872329,84.238131,-144.0676,-26.966382,3.833869,-45.023835,-5.715713
0.010000,-93.10012,84.381823,-144.336926,-26.932601,3.378068,-45.580157,-5.725137
0.010000,-93.329009,84.523206,-144.605961,-26.903425,2.917588,-46.04794,-5.734582
0.010000,-93.559015,84.662292,-144.874749,-26.878891,2.453371,-46.421746,-5.744045
0.010000,-93.790156,84.799093,-145.14334,-26.859028,1.986289,-46.708218,-5.753522
0.010000,-94.022453,84.93362,-145.411778,-26.843855,1.517312,-46.897673,-5.763009
0.010000,-94.255925,85.065883,-145.680112,-26.833381,1.047382,-46.993012,-5.772505
0.010000,-94.490593,85.195896,-145.948388,-26.827607,0.57743,-46.995236,-5.782004
0.010000,-94.726475,85.323668,-146.216653,-26.826523,0.108435,-46.899497,-5.791505
0.010000,-94.963593,85.44921,-146.484955,-26.83011,-0.358695,-46.71295,-5.801003
0.010000,-95.201964,85.572533,-146.753338,-26.838339,-0.822955,-46.426048,-5.810495
0.010000,-95.44161,85.693647,-147.02185,-26.851175,-1.283531,-46.057529,-5.819977
0.010000,-95.682548,85.812561,-147.290535,-26.868569,-1.739427,-45.589651,-5.829447
0.010000,-95.924799,85.929286,-147.55944,-26.890467,-2.189792,-45.036475,-5.838901
0.010000,-96.168379,86.043829,-147.828608,-26.916805,-2.633817,-44.402507,-5.848337
0.010000,-96.413307,86.156199,-148.098083,-26.947511,-3.070619,-43.680177,-5.85775
0.010000,-96.6596,86.266405,-148.367908,-26.982506,-3.499475,-42.885578,-5.867138
0.010000,-96.907274,86.374454,-148.638125,-27.021702,-3.919633,-42.015828,-5.876497
0.010000,-97.156346,86.480353,-148.908775,-27.065005,-4.330316,-41.068334,-5.885826
0.010000,-97.40683,86.58411,-149.179898,-27.112315,-4.731007,-40.069089,-5.89512
0.010000,-97.65825,86.685535,-149.451005,-27.110667,0.164887,489.589416,-5.904359
0.010000,-97.909481,86.784208,-149.720919,-26.991389,11.927758,1176.287084,-5.913501
0.010000,-98.159727,86.879883,-149.988831,-26.791167,20.022225,809.446666,-5.922514
0.010000,-98.408816,86.972569,-150.254605,-26.577414,21.37524,135.30157,-5.931392
0.010000,-98.656714,87.062333,-150.518254,-26.364952,21.246222,-12.901853,-5.940136
0.010000,-98.903387,87.149241,-150.779789,-26.153498,21.145454,-10.076751,-5.948743
0.010000,-99.1488,87.233356,-151.039217,-25.942782,21.071542,-7.391241,-5.957215
0.010000,-99.392916,87.314741,-151.296543,-25.732551,21.023141,-4.840096,-5.965549
0.010000,-99.6357,87.393458,-151.551768,-25.522564,20.998712,-2.442908,-5.973746
0.010000,-99.877112,87.469567,-151.804894,-25.312593,20.997021,-0.169062,-5.981806
0.010000,-100.117116,87.543129,-152.055919,-25.102429,21.016485,1.946341,-5.989729
0.010000,-100.355672,87.614202,-152.304837,-24.89187,21.055858,3.937361,-5.997516
0.010000,-100.592742,87.682845,-152.551645,-24.680732,21.113781,5.792245,-6.005166
0.010000,-100.828286,87.749114,-152.796333,-24.468844,21.188776,7.49954,-6.012681
0.010000,-101.062264,87.813066,-153.038893,-24.256046,21.27982,9.104384,-6.020061
0.010000,-101.294636,87.874757,-153.279315,-24.042192,21.385373,10.555303,-6.027306
0.010000,-101.525363,87.934241,-153.517587,-23.827148,21.504447,11.907398,-6.034418
0.010000,-101.754405,87.991573,-153.753695,-23.61079,21.635832,13.138479,-6.041398
0.010000,-101.981721,88.046805,-153.987625,-23.393007,21.778291,14.245921,-6.048246
0.010000,-102.207272,88.099991,-154.219362,-23.173698,21.930887,15.259581,-6.054964
0.010000,-102.431018,88.151183,-154.44889,-22.952772,22.092557,16.167073,-6.061553
0.010000,-102.65292,88.200431,-154.676191,-22.730149,22.262331,16.977337,-6.068014
0.010000,-102.872939,88.247787,-154.901249,-22.505756,22.439298,17.69674,-6.074348
0.010000,-103.091037,88.293299,-155.124044,-22.27953,22.622626,18.332798,-6.080557
0.010000,-103.307173,88.337018,-155.344558,-22.051417,22.811319,18.869286,-6.086642
0.010000,-103.521312,88.378992,-155.562772,-21.821368,23.004885,19.356571,-6.092604
0.010000,-103.733416,88.419268,-155.778665,-21.589345,23.202313,19.742807,-6.098446
0.010000,-103.943446,88.457894,-155.992218,-21.355313,23.403152,20.083896,-6.104167
0.010000,-104.151369,88.494916,-156.203411,-21.119247,23.606645,20.349342,-6.10977
0.010000,-104.357146,88.530381,-156.412222,-20.881125,23.812184,20.553874,-6.115257
0.010000,-104.560744,88.564332,-156.618631,-20.640933,24.019227,20.704307,-6.120628
0.010000,-104.762128,88.596816,-156.822618,-20.398659,24.227385,20.815815,-6.125886
0.010000,-104.961263,88.627875,-157.024161,-20.154299,24.436013,20.862797,-6.131031
0.010000,-105.158117,88.657552,-157.223239,-19.907851,24.644762,20.874916,-6.136066
0.010000,-105.352657,88.685891,-157.419833,-19.65932,24.853134,20.837169,-6.140991
0.010000,-105.544851,88.712933,-157.61392,-19.40871,25.060922,20.778748,-6.145809
0.010000,-105.734668,88.738718,-157.80548,-19.156034,25.26759,20.666868,-6.15052
0.010000,-105.922077,88.763288,-157.994493,-18.901304,25.473067,20.547665,-6.155127
0.010000,-106.107049,88.786681,-158.180938,-18.644536,25.676781,20.371451,-6.15963
0.010000,-106.289555,88.808938,-158.364796,-18.38575,25.878611,20.182929,-6.164032
0.010000,-106.469565,88.830096,-158.546046,-18.124965,26.078468,19.98571,-6.168333
0.010000,-106.647053,88.850192,-158.724668,-17.862207,26.275773,19.730482,-6.172535
0.010000,-106.821992,88.869265,-158.900643,-17.5975,26.470783,19.501059,-6.17664
0.010000,-106.994354,88.887349,-159.073951,-17.330871,26.662881,19.20976,-6.180648
0.010000,-107.164115,88.904481,-159.244575,-17.062348,26.852312,18.943114,-6.184562
0.010000,-107.33125,88.920696,-159.412494,-16.791962,27.038581,18.626894,-6.188382
0.010000,-107.495735,88.936027,-159.577692,-16.519743,27.221919,18.333822,-6.19211
0.010000,-107.657545,88.950508,-159.740149,-16.245724,27.401857,17.993804,-6.195747
0.010000,-107.816659,88.964171,-159.899849,-15.969938,27.578579,17.672191,-6.199294
0.010000,-107.973054,88.977049,-160.056773,-15.692419,27.751974,17.339492,-6.202753
0.010000,-108.126708,88.989174,-160.210905,-15.413201,27.921761,16.978659,-6.206125
0.010000,-108.277601,89.000575,-160.362228,-15.13232,28.088119,16.635893,-6.209411
0.010000,-108.425713,89.011283,-160.510726,-14.849811,28.250929,16.280926,-6.212613
0.010000,-108.571023,89.021327,-160.656383,-14.56571,28.410075,15.914601,-6.215731
0.010000,-108.713514,89.030736,-160.799184,-14.280053,28.565648,15.55732,-6.218766
0.010000,-108.853165,89.039537,-160.939112,-13.992879,28.717449,15.180089,-6.22172
0.010000,-108.989961,89.047758,-161.076155,-13.704222,28.865715,14.826578,-6.224594
0.010000,-109.123883,89.055426,-161.210296,-13.41412,29.010159,14.444402,-6.227388
0.010000,-109.254914,89.062566,-161.341522,-13.12261,29.151011,14.085223,-6.230104
0.010000,-109.38304,89.069204,-161.469819,-12.829729,29.288117,13.710662,-6.232743
0.010000,-109.508243,89.075364,-161.595174,-12.535514,29.421529,13.341201,-6.235306
0.010000,-109.63051,89.08107,-161.717574,-12.240001,29.551255,12.972555,-6.237793
0.010000,-109.749826,89.086345,-161.837007,-11.943228,29.677333,12.607829,-6.240206
0.010000,-109.866177,89.091212,-161.953459,-11.64523,29.799716,12.238268,-6.242546
0.010000,-109.979549,89.095693,-162.066919,-11.346045,29.918515,11.879887,-6.244812
0.010000,-110.089929,89.09981,-162.177377,-11.045709,30.033642,11.512668,-6.247007
0.010000,-110.197305,89.103582,-162.284819,-10.744257,30.145191,11.154904,-6.249131
0.010000,-110.301666,89.10703,-162.389236,-10.441726,30.253114,10.792355,-6.251184
0.010000,-110.402998,89.110173,-162.490618,-10.13815,30.357551,10.443699,-6.253168
0.010000,-110.501293,89.11303,-162.588954,-9.833566,30.458445,10.089378,-6.255083
0.010000,-110.596537,89.115619,-162.684234,-9.528008,30.555826,9.738142,-6.25693
0.010000,-110.688723,89.117958,-162.776449,-9.22151,30.649726,9.390013,-6.258709
0.010000,-110.777839,89.120064,-162.86559,-8.914109,30.740176,9.044993,-6.260422
0.010000,-110.863877,89.121951,-162.951648,-8.605837,30.827207,8.703069,-6.262068
0.010000,-110.946827,89.123638,-163.034615,-8.296727,30.910939,8.373205,-6.263649
0.010000,-111.026681,89.125137,-163.114484,-7.986815,30.991201,8.026212,-6.265165
0.010000,-111.103431,89.126465,-163.191245,-7.676134,31.068103,7.690178,-6.266617
0.010000,-111.177069,89.127634,-163.264892,-7.364715,31.141921,7.381797,-6.268005
0.010000,-111.247587,89.128658,-163.335418,-7.052593,31.212163,7.024171,-6.269329
0.010000,-111.314979,89.129549,-163.402816,-6.739799,31.27939,6.722778,-6.270591
0.010000,-111.379238,89.13032,-163.46708,-6.426366,31.343287,6.389652,-6.27179
0.010000,-111.440358,89.130982,-163.528203,-6.112327,31.403984,6.069734,-6.272927
0.010000,-111.498332,89.131545,-163.58618,-5.79771,31.461622,5.76378,-6.274002
0.010000,-111.553156,89.132021,-163.641006,-5.482551,31.5159,5.427822,-6.275016
0.010000,-111.604823,89.132418,-163.692674,-5.166878,31.567355,5.145501,-6.27597
0.010000,-111.653329,89.132747,-163.741182,-4.850724,31.615401,4.804608,-6.276863
0.010000,-111.69867,89.133014,-163.786523,-4.534119,31.660528,4.51263,-6.277696
0.010000,-111.74084,89.13323,-163.828694,-4.217092,31.702681,4.215326,-6.278469
0.010000,-111.779836,89.1334,-163.86769,-3.899676,31.741576,3.889534,-6.279182
0.010000,-111.815655,89.133531,-163.903509,-3.5819,31.777577,3.600031,-6.279836
0.010000,-111.848293,89.133631,-163.936147,-3.263795,31.810571,3.299408,-6.280431
0.010000,-111.877747,89.133704,-163.965601,-2.945388,31.840614,3.004314,-6.280968
0.010000,-111.904014,89.133756,-163.991868,-2.626713,31.867584,2.697016,-6.281445
0.010000,-111.927092,89.133791,-164.014946,-2.307796,31.891629,2.404542,-6.281864
0.010000,-111.946978,89.133814,-164.034833,-1.988669,31.91273,2.110092,-6.282225
0.010000,-111.963672,89.133828,-164.051527,-1.66936,31.930889,1.815892,-6.282528
0.010000,-111.977171,89.133835,-164.065026,-1.349898,31.946178,1.528868,-6.282772
0.010000,-111.987474,89.133838,-164.075329,-1.030314,31.958418,1.224023,-6.282959
0.010000,-111.99458,89.133839,-164.082435,-0.710636,31.967781,0.936234,-6.283087
0.010000,-111.998489,89.13384,-164.086344,-0.390894,31.974261,0.648082,-6.283158
0.010000,-111.999822,89.13384,-164.087677,-0.133283,25.761031,-621.322992,-6.283182
0.010000,-112.0,89.13384,-164.087855,-0.017779,11.55042,-1421.061137,-0.0
0.010000,-112.0,89.13384,-164.087855,-0.0,1.777915,-977.250463,-0.0
